"Empresa compra","Empresa Vende","Año","Mes","Energía Punta","Energía Valle","Energía Noche","Potencia Compra Punta","Potencia Compra Valle","Potencia Compra Noche","Energía Peaje","Tipo","Importe kwh Punta","Importe kwh Valle","Importe kwh Noche","Importe kw Punta","Importe kw Valle","Importe kw Noche","Importe Peaje","Importe Ajustes","Importe Total","Costos CVG","Energía Fuera Punta","Energía kwh Fuera Punta","Planta","Importe kw Fuera Punta","Potencia Fuera Punta","Impuesto IVA"
"COOPERATIVA DE ELECTRIFICACION RURAL DE GUANACASTE R.L.","Consorcio Nacional de Empresas de Electrificación de Costa Rica R.L.","2025","Octubre   ","","","","","","","","","","","","","","","","","","","","","SAN LORENZO","","",""
"COOPERATIVA DE ELECTRIFICACION RURAL DE GUANACASTE R.L.","Consorcio Nacional de Empresas de Electrificación de Costa Rica R.L.","2025","Octubre   ","933666.38","","","","","","","","41380094.09","","","","","","","","131285080.61","","3752294.93","","Central Sigifredo Solís S","89904986.52","",""
"COOPERATIVA DE ELECTRIFICACION RURAL DE SAN CARLOS R.L.","Consorcio Nacional de Empresas de Electrificación de Costa Rica R.L.","2025","Octubre   ","2359444.287","3156203.717","3488302.868","","","","","504","107920981.72","118231391.24","111730340.89","","","","","","337882713.86","","","","SAN LORENZO","","",""
"COOPERATIVA DE ELECTRIFICACION RURAL DE SAN CARLOS R.L.","Consorcio Nacional de Empresas de Electrificación de Costa Rica R.L.","2025","Octubre   ","1261070.555","2688070.008","2380023.626","","","","","504","76635257.668","122360946.81","108338675.49","","","","","","307334879.97","","5068093.635","","Central Sigifredo Solís S","230699622.3","",""
"COOPERATIVA DE ELECTRIFICACION RURAL DE SAN CARLOS R.L.","Consorcio Cooperativo Cubujuqui R L ","2025","Octubre   ","2595089.005","3324913.576","1453798.572","","","","","504","189441497.42","199494814.59","62513338.598","","","","","","451449650.61","","","","CUBUJUQUÍ","","",""
"COOPERATIVA DE ELECTRIFICACION RURAL DE SAN CARLOS R.L.","Consorcio Cooperativo Cubujuqui R L ","2025","Octubre   ","2123133.405","2911008.954","1652159.32","","","","","504","154988738.61","174660537.27","71042850.781","","","","","","400692126.66","","","","DOÑA JULIA","","",""
"INSTITUTO COSTARRICENSE DE ELECTRICIDAD","AEROENERGIA S.A.","2025","Octubre   ","75915.929","182225.091","139705.281","","","","","523.29","946274.433","2271393.449","1741393.888","","","","","","4959061.771","","","","AEROENERGÍA","","","644678.03"
"INSTITUTO COSTARRICENSE DE ELECTRICIDAD","Consorcio Eólico Chiripa S.A.","2025","Octubre   ","1249104.969","3423161.716","2858279.789","","","","","523.29","34316317.272","94043580.459","78524734.604","","","","","","206884632.34","","","","CHIRIPA","","","26895002.204"
"INSTITUTO COSTARRICENSE DE ELECTRICIDAD","El Ángel S.A.","2025","Octubre   ","354807.281","725947.345","196479.974","","","","","523.29","11242143.04","23001793.703","6225509.136","","","","","","40469445.879","","","","EL ÁNGEL","","","5261027.964"
"INSTITUTO COSTARRICENSE DE ELECTRICIDAD","Empresa Eléctrica Matamoros S. A.","2025","Octubre   ","1626924.26","","","","","","","523.29","52783895.997","","","","","","","","52783895.997","","","","MATAMOROS","","","6861906.48"
"INSTITUTO COSTARRICENSE DE ELECTRICIDAD","HIDROELÉCTRICA CAÑO GRANDE S.A ","2025","Octubre   ","259428.13","700655.65","688612.96","","","","","523.29","8706043.758","23513015.734","23108878.868","","","","","","55327938.36","","","","CAÑO GRANDE","","","7192631.987"
"INSTITUTO COSTARRICENSE DE ELECTRICIDAD","HIDROVENECIA S.A. ","2025","Octubre   ","302407.2","851951.52","856450.08","","","","","523.29","10148356.587","28590289.288","28741253.221","","","","","","67479899.096","","","","HIDROVENECIA","","","8772386.883"
"INSTITUTO COSTARRICENSE DE ELECTRICIDAD","LA REBECA DE LA MARINA S.A.","2025","Octubre   ","2020.716","5007.888","4538.268","","","","","523.29","67674.91","167716.974","151989.137","","","","","","387381.021","","","","REBECA I","","","50359.533"
"INSTITUTO COSTARRICENSE DE ELECTRICIDAD","Molinos de Viento del Arenal S. A.","2025","Octubre   ","128170.487","190040.251","184905.326","","","","","523.29","1597615.364","2368807.601","2304801.958","","","","","","6271224.923","","","","TIERRAS MORENAS (MOVASA)","","","815259.24"
"INSTITUTO COSTARRICENSE DE ELECTRICIDAD","Central Hidroeléctrica Vara Blanca S. A.","2025","Octubre   ","154429.8","420039.9","425442.15","","","","","523.29","7951857.278","8660224.485","5476690.345","","","","","","22088772.109","","","","VARA BLANCA","","","2871540.374"
"INSTITUTO COSTARRICENSE DE ELECTRICIDAD","P. H. DON PEDRO S. A. ","2025","Octubre   ","483645.989","1929682.429","1602092.669","","","","","523.29","16230476.351","64757417.042","53763967.356","","","","","","134751860.75","","","","DON PEDRO","","","17517741.897"
"INSTITUTO COSTARRICENSE DE ELECTRICIDAD","P. H. RÍO VOLCÁN S.A. ","2025","Octubre   ","631825.687","1657594.993","1225593.982","","","","","523.29","21203177.724","55626546.943","41129203.148","","","","","","117958927.82","","","","VOLCÁN 3","","","15334660.616"
"INSTITUTO COSTARRICENSE DE ELECTRICIDAD","PLANTA EÓLICA GUANACASTE S. A. ","2025","Octubre   ","772276.55","1678038.15","1571975.78","","","","","523.29","17619833.645","38285183.693","35865328.514","","","","","","91770345.852","","","","TILARÁN (P.E. Guanacaste)","","","11930144.961"
"INSTITUTO COSTARRICENSE DE ELECTRICIDAD","Plantas Eólicas Limitada","2025","Octubre   ","63115.941","128786.775","73556.264","","","","","523.29","786725.541","1605297.256","916861.747","","","","","","3308884.544","","","","TILARÁN (PESA)","","","430154.991"
"INSTITUTO COSTARRICENSE DE ELECTRICIDAD","SUERKATA S. R. L. ","2025","Octubre   ","203538.45","588308.63","560381.1","","","","","523.29","6449156.782","18640683.476","17755794.853","","","","","","42845635.112","","","","SUERKATA","","","5569932.565"
"INSTITUTO COSTARRICENSE DE ELECTRICIDAD","TILAWIND CORPORATION","2025","Octubre   ","257375.4","500592.423","420947.678","","","","","523.29","6882248.803","13385900.954","11256190.979","","","","","","31524340.735","","","","TILAWIND","","","4098164.296"
"INSTITUTO COSTARRICENSE DE ELECTRICIDAD","UNIÓN FENOSA GENERADORA TORITO S. A.  ","2025","Octubre   ","15930341.49","","6368392.04","","","","","523.29","870298067.97","","69649579.793","327056250","","","","","1267003897.8","","","","TORITO","","","164710506.71"
"INSTITUTO COSTARRICENSE DE ELECTRICIDAD","Inversiones Eólicas de Orosí Dos S. A. ","2025","Octubre   ","973578.77","1903430.68","1870841.91","","","","","523.29","26695916.694","52192824.243","51299228.075","","","","","","130187969.01","","","","OROSÍ","","","16924435.972"
"INSTITUTO COSTARRICENSE DE ELECTRICIDAD","El Ángel S.A.","2025","Octubre   ","568280.58","1058696.372","90687.048","","","","","523.29","38123544.805","28420468.028","1523325.572","","","","","","68067338.405","","","","AMPLIACIÓN EL ÁNGEL","","","8848753.993"
"INSTITUTO COSTARRICENSE DE ELECTRICIDAD","AEROENERGIA S.A.","2025","Octubre   ","110954.515","302479.842","230084.967","","","","","523.29","2815977.335","7676806.806","5839456.388","","","","","","16332240.529","","","","VIENTOS DEL ESTE","","","2123191.269"
"INSTITUTO COSTARRICENSE DE ELECTRICIDAD","FILA DE MOGOTE D.C.R. SRL","2025","Octubre   ","219074.216","490508.189","418589.956","","","","","523.29","5560008.313","12448884.465","10623630.999","","","","","","28632523.777","","","","P.E FILA DE MOGOTE","","","3722228.091"
"INSTITUTO COSTARRICENSE DE ELECTRICIDAD","Inversiones Eólicas Guanacaste S.A. ","2025","Octubre   ","461501.37","1079674.51","929536.65","","","","","523.29","11761005.545","27514666.693","23688521.968","","","","","","62964194.206","","","","P.E ALTAMIRA","","","8185345.247"
"INSTITUTO COSTARRICENSE DE ELECTRICIDAD","INVERSIONES EÓLICAS CAMPOS AZULES S.A.","2025","Octubre   ","482344.42","1079330.96","974222.63","","","","","523.29","12292171.059","27505912.052","24827305.666","","","","","","64625388.777","","","","P.E CAMPOS AZULES","","","8401300.541"
"INSTITUTO COSTARRICENSE DE ELECTRICIDAD","P. H .CHUCÁS  S.A.","2025","Octubre   ","24603444.009","","","","","","","523.29","1110574745.9","","","313868497.98","","","","","1424443243.9","","","","CHUCÁS","","","185177621.71"
"INSTITUTO COSTARRICENSE DE ELECTRICIDAD","Costa Rica Energy Holding S.A.","2025","Octubre   ","466041.63","834176.35","818791.93","","","","","523.29","11876710.197","21258337.043","20866277.709","","","","","","54001324.949","","","","P.E VIENTOS DE MIRAMAR","","","7020172.243"
"INSTITUTO COSTARRICENSE DE ELECTRICIDAD","Vientos del Volcán S.A.","2025","Octubre   ","492336.27","849916.69","807965.82","","","","","523.29","12546809.206","21659464.993","20590383.523","","","","","","54796657.721","","","","P.E VIENTOS DE LA PERLA","","","7123565.504"
"COOPERATIVA DE ELECTRIFICACION RURAL DE SAN CARLOS R.L.","Consorcio Nacional de Empresas de Electrificación de Costa Rica R.L.","2025","Setiembre ","2292012.968","2322783.211","2842035.46","","","","","506","104836673.16","87011459.105","91030395.79","","","","","","282878528.06","","","","SAN LORENZO","","",""
"COOPERATIVA DE ELECTRIFICACION RURAL DE SAN CARLOS R.L.","Consorcio Nacional de Empresas de Electrificación de Costa Rica R.L.","2025","Setiembre ","1198321.489","2536228.611","2089661.454","","","","","506","72821996.924","115449126.39","95121389.397","","","","","","283392512.71","","4625890.065","","Central Sigifredo Solís S","210570515.79","",""
"COOPERATIVA DE ELECTRIFICACION RURAL DE SAN CARLOS R.L.","Consorcio Cooperativo Cubujuqui R L ","2025","Setiembre ","2698709.836","3699496.601","1139880.465","","","","","506","197005818.03","221969796.07","49014860.032","","","","","","467990474.13","","","","CUBUJUQUÍ","","",""
"COOPERATIVA DE ELECTRIFICACION RURAL DE SAN CARLOS R.L.","Consorcio Cooperativo Cubujuqui R L ","2025","Setiembre ","2203408.523","3034399.055","1700808.23","","","","","506","160848822.23","182063943.33","73134753.909","","","","","","416047519.47","","","","DOÑA JULIA","","",""
"COOPERATIVA DE ELECTRIFICACION RURAL LOS SANTOS R.L.","Consorcio Nacional de Empresas de Electrificación de Costa Rica R.L.","2025","Setiembre ","484370.77","","","","","","","","21467312.62","","","","","","","","66268208.92","","1869820.38","","Central Sigifredo Solís S","44800896.3","",""
"COOPERATIVA DE ELECTRIFICACION RURAL LOS SANTOS R.L.","Consorcio Nacional de Empresas de Electrificación de Costa Rica R.L.","2025","Agosto    ","457564.93","","","","","","","","27806221.04","","","","","","","","119724825.32","","2019301.5","","Central Sigifredo Solís S","91918604.28","",""
"COOPERATIVA DE ELECTRIFICACION RURAL DE SAN CARLOS R.L.","Consorcio Nacional de Empresas de Electrificación de Costa Rica R.L.","2025","Agosto    ","1528794.869","2809764.307","2725238.556","","","","","509.25","69927077.325","105253770.958","87289390.977","","","","","","262470239.262","","","","SAN LORENZO","","",""
"COOPERATIVA DE ELECTRIFICACION RURAL DE SAN CARLOS R.L.","Consorcio Nacional de Empresas de Electrificación de Costa Rica R.L.","2025","Agosto    ","1128000.215","2790715.585","2297071.253","","","","","509.25","68548573.078","127033373.45","104562683.471","","","","","","300144630","","5087786.839","","Central Sigifredo Solís S","231596056.921","",""
"COOPERATIVA DE ELECTRIFICACION RURAL DE SAN CARLOS R.L.","Consorcio Cooperativo Cubujuqui R L ","2025","Agosto    ","2955478.157","3993694.243","2046973.961","","","","","509.25","215749905.475","239621654.627","88019880.286","","","","","","543391440.39","","","","CUBUJUQUÍ","","",""
"COOPERATIVA DE ELECTRIFICACION RURAL DE SAN CARLOS R.L.","Consorcio Cooperativo Cubujuqui R L ","2025","Agosto    ","2515699.309","3253847.411","2408508.202","","","","","509.25","183646049.6","195230844.657","103565852.719","","","","","","482442746.977","","","","DOÑA JULIA","","",""
"INSTITUTO COSTARRICENSE DE ELECTRICIDAD","AEROENERGIA S.A.","2025","Agosto    ","171091.02","541867.58","479141.53","","","","","523.29","2132609.837","6754253.563","5972387.915","","","","","","14859251.315","","","","AEROENERGÍA","","","1931702.671"
"INSTITUTO COSTARRICENSE DE ELECTRICIDAD","Consorcio Eólico Chiripa S.A.","2025","Agosto    ","2627347.64","8324114.11","8381073.7","","","","","523.29","72180398.617","228686097.41","230250933.36","","","","","","531117429.38","","","","CHIRIPA","","","69045265.82"
"INSTITUTO COSTARRICENSE DE ELECTRICIDAD","El Ángel S.A.","2025","Agosto    ","158706.137","314245.72","73921.675","","","","","523.29","5028637.204","9956941.468","2342223.771","","","","","","17327802.443","","","","EL ÁNGEL","","","2252614.318"
"INSTITUTO COSTARRICENSE DE ELECTRICIDAD","Empresa Eléctrica Matamoros S. A.","2025","Agosto    ","2230074.46","","","","","","","523.29","71249758.75","","","","","","","","71249758.75","","","","MATAMOROS","","","9262468.637"
"INSTITUTO COSTARRICENSE DE ELECTRICIDAD","HIDROELÉCTRICA RÍO LAJAS S.A.","2025","Agosto    ","399799.43","998877.86","387856.89","","","","","523.29","12667731.059","31649651.944","12289324.362","","","","","","56606707.366","","","","HIDROELÉCTRICA RÍO LAJAS","","","7358871.958"
"INSTITUTO COSTARRICENSE DE ELECTRICIDAD","HIDROELÉCTRICA CAÑO GRANDE S.A ","2025","Agosto    ","253740.77","778216.5","748152.38","","","","","523.29","8515184.196","26115844.496","25106936.143","","","","","","59737964.835","","","","CAÑO GRANDE","","","7765935.429"
"INSTITUTO COSTARRICENSE DE ELECTRICIDAD","HIDROVENECIA S.A. ","2025","Agosto    ","292709.16","866422.08","851769.36","","","","","523.29","9822906.838","29075902.408","28584177.261","","","","","","67482986.507","","","","HIDROVENECIA","","","8772788.246"
"INSTITUTO COSTARRICENSE DE ELECTRICIDAD","LA REBECA DE LA MARINA S.A.","2025","Agosto    ","2688.408","6928.38","6985.368","","","","","523.29","90036.289","232035.326","233943.886","","","","","","556015.502","","","","REBECA I","","","72282.015"
"INSTITUTO COSTARRICENSE DE ELECTRICIDAD","Molinos de Viento del Arenal S. A.","2025","Agosto    ","336043.411","1144035.727","749087.354","","","","","523.29","4188703.085","14260139.687","9337199.927","","","","","","27786042.699","","","","TIERRAS MORENAS (MOVASA)","","","3612185.551"
"INSTITUTO COSTARRICENSE DE ELECTRICIDAD","Central Hidroeléctrica Vara Blanca S. A.","2025","Agosto    ","142373.7","437351.25","460205.55","","","","","523.29","7331067.885","9017144.896","5924197.487","","","","","","22272410.268","","","","VARA BLANCA","","","2895413.335"
"INSTITUTO COSTARRICENSE DE ELECTRICIDAD","P. H. DON PEDRO S. A. ","2025","Agosto    ","791644.2","2185267.45","1728598.93","","","","","523.29","26566459.981","73334488.548","58009339.114","","","","","","157910287.64","","","","DON PEDRO","","","20528337.394"
"INSTITUTO COSTARRICENSE DE ELECTRICIDAD","P. H. RÍO VOLCÁN S.A. ","2025","Agosto    ","724347.96","2028641.66","1701776.54","","","","","523.29","24308092.095","68078349.239","57109217.52","","","","","","149495658.85","","","","VOLCÁN 3","","","19434435.651"
"INSTITUTO COSTARRICENSE DE ELECTRICIDAD","PLANTA EÓLICA GUANACASTE S. A. ","2025","Agosto    ","1599098.22","5567026.68","4976536.27","","","","","523.29","36484139.87","127014183.76","113541889.1","","","","","","277040212.73","","","","TILARÁN (P.E. Guanacaste)","","","36015227.655"
"INSTITUTO COSTARRICENSE DE ELECTRICIDAD","Plantas Eólicas Limitada","2025","Agosto    ","138527.61","353300.3","262859.19","","","","","523.29","1726715.712","4403804.557","3276480.91","","","","","","9407001.178","","","","TILARÁN (PESA)","","","1222910.153"
"INSTITUTO COSTARRICENSE DE ELECTRICIDAD","SUERKATA S. R. L. ","2025","Agosto    ","155661.75","480695.4","465321.08","","","","","523.29","4932175.703","15230936.302","14743795.175","","","","","","34906907.18","","","","SUERKATA","","","4537897.933"
"INSTITUTO COSTARRICENSE DE ELECTRICIDAD","TILAWIND CORPORATION","2025","Agosto    ","516251.24","1678003.08","1447998.84","","","","","523.29","13804620.448","44870003.408","38719660.915","","","","","","97394284.771","","","","TILAWIND","","","12661257.02"
"INSTITUTO COSTARRICENSE DE ELECTRICIDAD","UNIÓN FENOSA GENERADORA TORITO S. A.  ","2025","Agosto    ","21331043.54","","7269051.07","","","","","523.29","1165346395.5","","79499870.396","326967233.14","","","","7847408.594","1579660907.7","","","","TORITO","","","205355918"
"INSTITUTO COSTARRICENSE DE ELECTRICIDAD","Inversiones Eólicas de Orosí Dos S. A. ","2025","Agosto    ","1985066.82","7064701.78","6551093.08","","","","","523.29","54431317.575","193716918.72","179633567.85","","","","","","427781804.14","","","","OROSÍ","","","55611634.539"
"INSTITUTO COSTARRICENSE DE ELECTRICIDAD","El Ángel S.A.","2025","Agosto    ","521406.946","1119880.309","84068.406","","","","","523.29","34978990.617","30062937.15","1412148.213","","","","","","66454075.98","","","","AMPLIACIÓN EL ÁNGEL","","","8639029.877"
"INSTITUTO COSTARRICENSE DE ELECTRICIDAD","AEROENERGIA S.A.","2025","Agosto    ","527962.74","1671491.46","1484223.59","","","","","523.29","13370825.636","42337716.423","37580166.61","","","","","","93288708.669","","","","VIENTOS DEL ESTE","","","12127532.127"
"INSTITUTO COSTARRICENSE DE ELECTRICIDAD","FILA DE MOGOTE D.C.R. SRL","2025","Agosto    ","549325.419","1966867.943","1744293.284","","","","","523.29","13941640.188","49918252.807","44269404.777","","","","","","108129297.77","","","","P.E FILA DE MOGOTE","","","14056808.71"
"INSTITUTO COSTARRICENSE DE ELECTRICIDAD","Inversiones Eólicas Guanacaste S.A. ","2025","Agosto    ","1186012.54","3690754.74","3240119.78","","","","","523.29","30224607.685","94056019.01","82571933.301","","","","","","206852560","","","","P.E ALTAMIRA","","","26890832.799"
"INSTITUTO COSTARRICENSE DE ELECTRICIDAD","INVERSIONES EÓLICAS CAMPOS AZULES S.A.","2025","Agosto    ","1018712.13","3265793.35","2819056.77","","","","","523.29","25961086.711","83226208.021","71841468.917","","","","","","181028763.65","","","","P.E CAMPOS AZULES","","","23533739.274"
"INSTITUTO COSTARRICENSE DE ELECTRICIDAD","P. H .CHUCÁS  S.A.","2025","Agosto    ","17579330.566","","","","","","","523.29","793513321.58","","","286833606.35","","","","","1080346927.9","","","","CHUCÁS","","","140445100.63"
"INSTITUTO COSTARRICENSE DE ELECTRICIDAD","Costa Rica Energy Holding S.A.","2025","Agosto    ","757686.91","2641034.53","2243008.38","","","","","523.29","19309060.862","67304712.07","57161326.738","","","","","","143775099.67","","","","P.E VIENTOS DE MIRAMAR","","","18690762.957"
"INSTITUTO COSTARRICENSE DE ELECTRICIDAD","Vientos del Volcán S.A.","2025","Agosto    ","950184.97","3213084.9","2699536.39","","","","","523.29","24214726.693","81882969.687","68795586.212","","","","","","174893282.59","","","","P.E VIENTOS DE LA PERLA","","","22736126.737"
"COOPERATIVA DE ELECTRIFICACION RURAL DE GUANACASTE R.L.","Consorcio Nacional de Empresas de Electrificación de Costa Rica R.L.","2025","Julio     ","","","","","","","","","","","","","","","","","","","","","SAN LORENZO","","",""
"COOPERATIVA DE ELECTRIFICACION RURAL DE GUANACASTE R.L.","Consorcio Nacional de Empresas de Electrificación de Costa Rica R.L.","2025","Julio     ","940226.86","","","","","","","","57137586.28","","","","","","","","252328749.48","","4288030.83","","Central Sigifredo Solís S","195191163.2","",""
"COOPERATIVA DE ELECTRIFICACION RURAL DE SAN CARLOS R.L.","Consorcio Nacional de Empresas de Electrificación de Costa Rica R.L.","2025","Julio     ","1442375.231","2890954.994","2695270.818","","","","","508.35","65974243.086","108295174.1","86329524.321","","","","","","260598941.51","","","","SAN LORENZO","","",""
"COOPERATIVA DE ELECTRIFICACION RURAL DE SAN CARLOS R.L.","Consorcio Nacional de Empresas de Electrificación de Costa Rica R.L.","2025","Julio     ","1269931.562","3170000.504","2621692.885","","","","","508.35","77173741.061","144298422.94","119339460.15","","","","","","340811624.15","","5791693.389","","Central Sigifredo Solís S","263637883.09","",""
"COOPERATIVA DE ELECTRIFICACION RURAL DE SAN CARLOS R.L.","Consorcio Cooperativo Cubujuqui R L ","2025","Julio     ","2674004.582","3546312.087","1871370.931","","","","","508.35","195202334.51","212778725.26","80468950.071","","","","","","488450009.85","","","","CUBUJUQUÍ","","",""
"COOPERATIVA DE ELECTRIFICACION RURAL DE SAN CARLOS R.L.","Consorcio Cooperativo Cubujuqui R L ","2025","Julio     ","2196015.032","3262624.677","2978255.107","","","","","508.35","160309097.38","195757480.63","128064969.62","","","","","","484131547.63","","","","DOÑA JULIA","","",""
"COOPERATIVA DE ELECTRIFICACION RURAL LOS SANTOS R.L.","Consorcio Nacional de Empresas de Electrificación de Costa Rica R.L.","2025","Julio     ","513316.12","","","","","","","","31194220.31","","","","","","","","137758682.44","","2341047.06","","Central Sigifredo Solís S","106564462.13","",""
"INSTITUTO COSTARRICENSE DE ELECTRICIDAD","AEROENERGIA S.A.","2025","Julio     ","320735.82","819011.72","784227.78","","","","","523.29","3997897.521","10208790.915","9775217.18","","","","","","23981905.617","","","","AEROENERGÍA","","","3117647.73"
"INSTITUTO COSTARRICENSE DE ELECTRICIDAD","Consorcio Eólico Chiripa S.A.","2025","Julio     ","4394242.93","11268395.07","11333103.2","","","","","523.29","120721825.598","309573518.335","311351228.657","","","","","","741646572.589","","","","CHIRIPA","","","96414054.437"
"INSTITUTO COSTARRICENSE DE ELECTRICIDAD","El Ángel S.A.","2025","Julio     ","","","","","","","","523.29","","","","","","","","","","","","","EL ÁNGEL","","",""
"INSTITUTO COSTARRICENSE DE ELECTRICIDAD","Empresa Eléctrica Matamoros S. A.","2025","Julio     ","1444918.25","","","","","","","523.29","46878898.02","","","","","","","","46878898.02","","","","MATAMOROS","","","6094256.743"
"INSTITUTO COSTARRICENSE DE ELECTRICIDAD","HIDROELÉCTRICA RÍO LAJAS S.A.","2025","Julio     ","","","","","","","","523.29","","","","","","","","","","","","","HIDROELÉCTRICA RÍO LAJAS","","",""
"INSTITUTO COSTARRICENSE DE ELECTRICIDAD","HIDROELÉCTRICA CAÑO GRANDE S.A ","2025","Julio     ","271905.48","768506.94","748716.12","","","","","523.29","9124764.717","25790007.511","25125853.076","","","","","","60040625.305","","","","CAÑO GRANDE","","","7805281.29"
"INSTITUTO COSTARRICENSE DE ELECTRICIDAD","HIDROVENECIA S.A. ","2025","Julio     ","335338.2","980606.88","944925.12","","","","","523.29","11253477.04","32907782.393","31710353.584","","","","","","75871613.017","","","","HIDROVENECIA","","","9863309.692"
"INSTITUTO COSTARRICENSE DE ELECTRICIDAD","LA REBECA DE LA MARINA S.A.","2025","Julio     ","2703.42","6660.684","4424.436","","","","","523.29","90539.05","223070.037","148176.839","","","","","","461785.926","","","","REBECA I","","","60032.17"
"INSTITUTO COSTARRICENSE DE ELECTRICIDAD","Molinos de Viento del Arenal S. A.","2025","Julio     ","755748.17","1841358.465","1621428.37","","","","","523.29","9420225.45","22952105.702","20210728.137","","","","","","52583059.29","","","","TIERRAS MORENAS (MOVASA)","","","6835797.708"
"INSTITUTO COSTARRICENSE DE ELECTRICIDAD","Central Hidroeléctrica Vara Blanca S. A.","2025","Julio     ","176652","485404.5","478647.75","","","","","523.29","9096119.822","10007889.853","6161598.462","","","","","","25265608.137","","","","VARA BLANCA","","","3284529.058"
"INSTITUTO COSTARRICENSE DE ELECTRICIDAD","P. H. DON PEDRO S. A. ","2025","Julio     ","874231.68","2203177.23","1777856.91","","","","","523.29","29337981.739","73935518.51","59662365.128","","","","","","162935865.378","","","","DON PEDRO","","","21181662.499"
"INSTITUTO COSTARRICENSE DE ELECTRICIDAD","P. H. RÍO VOLCÁN S.A. ","2025","Julio     ","929715.68","2161230.57","1634719.15","","","","","523.29","31199946.984","72527847.479","54858866.437","","","","","","158586660.9","","","","VOLCÁN 3","","","20616265.917"
"INSTITUTO COSTARRICENSE DE ELECTRICIDAD","PLANTA EÓLICA GUANACASTE S. A. ","2025","Julio     ","3311903.38","8265425.01","8223673.24","","","","","523.29","75562547.477","188579341.224","187626754.573","","","","","","451768643.274","","","","TILARÁN (P.E. Guanacaste)","","","58729923.626"
"INSTITUTO COSTARRICENSE DE ELECTRICIDAD","Plantas Eólicas Limitada","2025","Julio     ","","","","","","","","523.29","","","","","","","","","","","","","TILARÁN (PESA)","","",""
"INSTITUTO COSTARRICENSE DE ELECTRICIDAD","SUERKATA S. R. L. ","2025","Julio     ","208687.28","560706.53","543236.33","","","","","523.29","6612297.673","17766103.666","17212557.038","","","","","","41590958.378","","","","SUERKATA","","","5406824.589"
"INSTITUTO COSTARRICENSE DE ELECTRICIDAD","TILAWIND CORPORATION","2025","Julio     ","971721.91","2306125.08","2098857.49","","","","","523.29","25983959.717","61666058.237","56123700.23","","","","","","143773718.184","","","","TILAWIND","","","18690583.364"
"INSTITUTO COSTARRICENSE DE ELECTRICIDAD","UNIÓN FENOSA GENERADORA TORITO S. A.  ","2025","Julio     ","21405651.86","","6233477.89","","","","","523.29","1169422353.664","","68174058.98","327056250","","","","","1564652662.645","","","","TORITO","","","203404846.144"
"INSTITUTO COSTARRICENSE DE ELECTRICIDAD","Inversiones Eólicas de Orosí Dos S. A. ","2025","Julio     ","3794046.3","9625150.67","8792212.54","","","","","523.29","104034254.019","263925445.491","241085951.083","","","","","","609045650.592","","","","OROSÍ","","","79175934.577"
"INSTITUTO COSTARRICENSE DE ELECTRICIDAD","El Ángel S.A.","2025","Julio     ","571959.881","1008868.983","43034.829","","","","","523.29","38370373.58","27082862.861","722882.23","","","","","","66176118.672","","","","AMPLIACIÓN EL ÁNGEL","","","8602895.427"
"INSTITUTO COSTARRICENSE DE ELECTRICIDAD","AEROENERGIA S.A.","2025","Julio     ","837794.17","2174351.33","2059251.34","","","","","523.29","21262853.036","55184091.172","52262903.24","","","","","","128709847.447","","","","VIENTOS DEL ESTE","","","16732280.168"
"INSTITUTO COSTARRICENSE DE ELECTRICIDAD","FILA DE MOGOTE D.C.R. SRL","2025","Julio     ","1368824.452","3512211.615","3325697.842","","","","","523.29","34740169.165","89138402.974","84404764.559","","","","","","208283336.699","","","","P.E FILA DE MOGOTE","","","27076833.771"
"INSTITUTO COSTARRICENSE DE ELECTRICIDAD","Inversiones Eólicas Guanacaste S.A. ","2025","Julio     ","1829893.2","4697593.64","4486319.61","","","","","523.29","46633406.982","119714523.745","114330366.77","","","","","","280678297.497","","","","P.E ALTAMIRA","","","36488178.675"
"INSTITUTO COSTARRICENSE DE ELECTRICIDAD","INVERSIONES EÓLICAS CAMPOS AZULES S.A.","2025","Julio     ","1635200.18","4198072.59","3905695.1","","","","","523.29","41671806.682","106984620.601","99533604.182","","","","","","248190031.465","","","","P.E CAMPOS AZULES","","","32264704.09"
"INSTITUTO COSTARRICENSE DE ELECTRICIDAD","P. H .CHUCÁS  S.A.","2025","Julio     ","19132446.27","","","","","","","523.29","863619403.034","","","292108709.689","","","","","1155728112.723","","","","CHUCÁS","","","150244654.654"
"INSTITUTO COSTARRICENSE DE ELECTRICIDAD","Costa Rica Energy Holding S.A.","2025","Julio     ","1395694.47","3206705.97","2957928.2","","","","","523.29","35568188.753","81720409.648","75380500.119","","","","","","192669098.52","","","","P.E VIENTOS DE MIRAMAR","","","25046982.808"
"INSTITUTO COSTARRICENSE DE ELECTRICIDAD","Vientos del Volcán S.A.","2025","Julio     ","1692507.94","3894550.92","3583508.03","","","","","523.29","43132251.511","99249604.233","91322917.204","","","","","","233704772.947","","","","P.E VIENTOS DE LA PERLA","","","30381620.483"
"COOPERATIVA DE ELECTRIFICACION RURAL DE SAN CARLOS R.L.","Consorcio Nacional de Empresas de Electrificación de Costa Rica R.L.","2025","Junio     ","1807028.766","3876826.788","3668611.356","","","","","508.28","82653495.779","145225931.49","117505621.73","","","","","","345385049","","","","SAN LORENZO","","",""
"COOPERATIVA DE ELECTRIFICACION RURAL DE SAN CARLOS R.L.","Consorcio Nacional de Empresas de Electrificación de Costa Rica R.L.","2025","Junio     ","1148239.046","3221370.516","2929131.623","","","","","508.28","69778486.87","146636785.93","133334071.48","","","","","","349749344.28","","6150502.14","","Central Sigifredo Solís S","279970857.41","",""
"COOPERATIVA DE ELECTRIFICACION RURAL DE SAN CARLOS R.L.","Consorcio Cooperativo Cubujuqui R L ","2025","Junio     ","2610701.201","3850436.701","2724277.047","","","","","508.28","190581187.72","231026202.06","117143913.04","","","","","","538751302.82","","","","CUBUJUQUÍ","","",""
"COOPERATIVA DE ELECTRIFICACION RURAL DE SAN CARLOS R.L.","Consorcio Cooperativo Cubujuqui R L ","2025","Junio     ","2532803.937","4078155.657","4032140.534","","","","","508.28","184894687.43","244689339.44","173382042.99","","","","","","602966069.86","","","","DOÑA JULIA","","",""
"COOPERATIVA DE ELECTRIFICACION RURAL DE GUANACASTE R.L.","Consorcio Nacional de Empresas de Electrificación de Costa Rica R.L.","2025","Junio     ","","","","","","","","","","","","","","","","","","","","","SAN LORENZO","","",""
"COOPERATIVA DE ELECTRIFICACION RURAL DE GUANACASTE R.L.","Consorcio Nacional de Empresas de Electrificación de Costa Rica R.L.","2025","Junio     ","887313.44","","","","","","","","53922037.87","","","","","","","","258946023.02","","3946428.1","","Central Sigifredo Solís S","179641406.93","",""
"INSTITUTO COSTARRICENSE DE ELECTRICIDAD","AEROENERGIA S.A.","2025","Junio     ","148200.32","431049","401478.51","","","","","523.29","1847282.576","5372925.695","5004336.404","","","","","","12224544.676","","","","AEROENERGÍA","","","1589190.808"
"INSTITUTO COSTARRICENSE DE ELECTRICIDAD","Consorcio Eólico Chiripa S.A.","2025","Junio     ","1937887.43","5645989.39","5801727.75","","","","","523.29","52732011.793","153633469.87","157871276.37","","","","","","364236758.04","","","","CHIRIPA","","","47350778.545"
"INSTITUTO COSTARRICENSE DE ELECTRICIDAD","El Ángel S.A.","2025","Junio     ","","","","","","","","523.29","","","","","","","","","","","","","EL ÁNGEL","","",""
"INSTITUTO COSTARRICENSE DE ELECTRICIDAD","Empresa Eléctrica Matamoros S. A.","2025","Junio     ","1780300.86","","","","","","","523.29","57077249.734","","","","","","","","57077249.734","","","","MATAMOROS","","","7420042.465"
"INSTITUTO COSTARRICENSE DE ELECTRICIDAD","HIDROELÉCTRICA CAÑO GRANDE S.A ","2025","Junio     ","250254.9","765867.24","712566.9","","","","","523.29","8398202.716","25701419.747","23912741.267","","","","","","58012363.731","","","","CAÑO GRANDE","","","7541607.285"
"INSTITUTO COSTARRICENSE DE ELECTRICIDAD","HIDROVENECIA S.A. ","2025","Junio     ","319382.28","976389.84","925552.44","","","","","523.29","10718015.314","32766263.845","31060233.787","","","","","","74544512.947","","","","HIDROVENECIA","","","9690786.683"
"INSTITUTO COSTARRICENSE DE ELECTRICIDAD","LA REBECA DE LA MARINA S.A.","2025","Junio     ","1992.06","5554.296","4250.088","","","","","523.29","66715.205","186016.483","142337.827","","","","","","395069.516","","","","REBECA I","","","51359.037"
"INSTITUTO COSTARRICENSE DE ELECTRICIDAD","Molinos de Viento del Arenal S. A.","2025","Junio     ","268446.503","641814.068","521514.776","","","","","523.29","3346123.332","8000063.332","6500560.589","","","","","","17846747.252","","","","TIERRAS MORENAS (MOVASA)","","","2320077.143"
"INSTITUTO COSTARRICENSE DE ELECTRICIDAD","Central Hidroeléctrica Vara Blanca S. A.","2025","Junio     ","102805.5","318978.45","331973.25","","","","","523.29","5293633.037","6576577.898","4273468.717","","","","","","16143679.651","","","","VARA BLANCA","","","2098678.355"
"INSTITUTO COSTARRICENSE DE ELECTRICIDAD","P. H. DON PEDRO S. A. ","2025","Junio     ","505763.76","1609513.86","1570903.24","","","","","523.29","16972717.533","54013010.015","52717291.646","","","","","","123703019.19","","","","DON PEDRO","","","16081392.495"
"INSTITUTO COSTARRICENSE DE ELECTRICIDAD","P. H. RÍO VOLCÁN S.A. ","2025","Junio     ","570795.17","1610289.09","1628454.83","","","","","523.29","19155077.546","54039027.994","54648645.145","","","","","","127842750.69","","","","VOLCÁN 3","","","16619557.589"
"INSTITUTO COSTARRICENSE DE ELECTRICIDAD","PLANTA EÓLICA GUANACASTE S. A. ","2025","Junio     ","1468958.98","4514118.18","4021854.93","","","","","523.29","33215157.706","102070357.11","90939612.512","","","","","","226225127.33","","","","TILARÁN (P.E. Guanacaste)","","","29409266.553"
"INSTITUTO COSTARRICENSE DE ELECTRICIDAD","Plantas Eólicas Limitada","2025","Junio     ","39160.48","85820.59","109426.46","","","","","523.29","488124.912","1069735.582","1363976.317","","","","","","2921836.811","","","","TILARÁN (PESA)","","","379838.785"
"INSTITUTO COSTARRICENSE DE ELECTRICIDAD","SUERKATA S. R. L. ","2025","Junio     ","199612.35","589753.35","592114.5","","","","","523.29","6324760.284","18686460.885","18761270.424","","","","","","43772491.593","","","","SUERKATA","","","5690423.907"
"INSTITUTO COSTARRICENSE DE ELECTRICIDAD","TILAWIND CORPORATION","2025","Junio     ","540973.57","1693929.24","1376942.1","","","","","523.29","14324153.225","44852661.578","36459325.458","","","","","","95636140.262","","","","TILAWIND","","","12432698.234"
"INSTITUTO COSTARRICENSE DE ELECTRICIDAD","UNIÓN FENOSA GENERADORA TORITO S. A.  ","2025","Junio     ","23111437.85","","2049573.73","","","","","523.29","1229958204.9","","100685281.75","327056250","","","","7189538.872","1664889275.5","","","","TORITO","","","216435605.82"
"INSTITUTO COSTARRICENSE DE ELECTRICIDAD","Inversiones Eólicas de Orosí Dos S. A. ","2025","Junio     ","2080075.57","6403839.93","5811756.46","","","","","523.29","57036495.908","175595825.58","159360664.37","","","","","","391992985.86","","","","OROSÍ","","","50959088.162"
"INSTITUTO COSTARRICENSE DE ELECTRICIDAD","El Ángel S.A.","2025","Junio     ","522639.387","1435239.786","468113.864","","","","","523.29","35061669.879","38528691.986","7863193.661","","","","","","81453555.525","","","","AMPLIACIÓN EL ÁNGEL","","","10588962.218"
"INSTITUTO COSTARRICENSE DE ELECTRICIDAD","AEROENERGIA S.A.","2025","Junio     ","433046.3","1299039.41","1207532.03","","","","","523.29","10990526.719","32969055.144","30646637.645","","","","","","74606219.507","","","","VIENTOS DEL ESTE","","","9698808.536"
"INSTITUTO COSTARRICENSE DE ELECTRICIDAD","FILA DE MOGOTE D.C.R. SRL","2025","Junio     ","651424.672","2182863.518","1930997.754","","","","","523.29","16532874.815","55400126.542","49007883.008","","","","","","120940884.36","","","","P.E FILA DE MOGOTE","","","15722314.967"
"INSTITUTO COSTARRICENSE DE ELECTRICIDAD","Inversiones Eólicas Guanacaste S.A. ","2025","Junio     ","872034.18","2569914.21","2543649.77","","","","","523.29","22223111.117","65492270.991","64822935.985","","","","","","152538318.09","","","","P.E ALTAMIRA","","","19829981.352"
"INSTITUTO COSTARRICENSE DE ELECTRICIDAD","INVERSIONES EÓLICAS CAMPOS AZULES S.A.","2025","Junio     ","758411.7","2255100.78","2308571.99","","","","","523.29","19327532.998","57469492.219","58832165.543","","","","","","135629190.76","","","","P.E CAMPOS AZULES","","","17631794.799"
"INSTITUTO COSTARRICENSE DE ELECTRICIDAD","P. H .CHUCÁS  S.A.","2025","Junio     ","20256564.799","","","","","","","523.29","889556850.06","","","288899687.5","","","","","1178456537.6","","","","CHUCÁS","","","153199349.88"
"INSTITUTO COSTARRICENSE DE ELECTRICIDAD","Costa Rica Energy Holding S.A.","2025","Junio     ","691801.22","2287549.59","2123592.26","","","","","523.29","17630016.869","58296426.474","54118097.113","","","","","","130044540.46","","","","P.E VIENTOS DE MIRAMAR","","","16905790.259"
"INSTITUTO COSTARRICENSE DE ELECTRICIDAD","Vientos del Volcán S.A.","2025","Junio     ","842468.49","2637997.56","2467079.1","","","","","523.29","21469657.244","67227317.479","62871592.808","","","","","","151568567.53","","","","P.E VIENTOS DE LA PERLA","","","19703913.779"
"COOPERATIVA DE ELECTRIFICACION RURAL LOS SANTOS R.L.","Consorcio Nacional de Empresas de Electrificación de Costa Rica R.L.","2025","Junio     ","464127.06","","","","","","","","28205001.62","","","","","","","","141371377.74","","2486080.32","","Central Sigifredo Solís S","113166376.12","",""
"INSTITUTO COSTARRICENSE DE ELECTRICIDAD","AEROENERGIA S.A.","2025","Mayo      ","195269.54","550128.56","441967.91","","","","","523.29","6130955.855","17272606.45","13876643.257","","","","","","37280205.562","","","","AEROENERGÍA","","","4846426.723"
"INSTITUTO COSTARRICENSE DE ELECTRICIDAD","Azucarera El Viejo S. A.","2025","Mayo      ","273649.453","968358.698","892637.064","","","","","523.29","16821471.669","59525857.747","54871182.557","","","","","","131218511.97","","","","EL VIEJO","","","17058406.556"
"INSTITUTO COSTARRICENSE DE ELECTRICIDAD","Consorcio Eólico Chiripa S.A.","2025","Mayo      ","3141253.8","8250773.89","7275153.72","","","","","523.29","213692269.04","561281173.21","494911972.83","","","","","","1269885415.1","","","","CHIRIPA","","","165085103.96"
"INSTITUTO COSTARRICENSE DE ELECTRICIDAD","El Ángel S.A.","2025","Mayo      ","11522.439","63698.625","10256.166","","","","","523.29","365090.909","2018304.274","324968.771","","","","","","2708363.954","","","","EL ÁNGEL","","","352087.314"
"INSTITUTO COSTARRICENSE DE ELECTRICIDAD","Empresa Eléctrica Matamoros S. A.","2025","Mayo      ","739869.55","","","","","","","523.29","23762996.6","","","","","","","","23762996.6","","","","MATAMOROS","","","3089189.558"
"INSTITUTO COSTARRICENSE DE ELECTRICIDAD","HIDROELÉCTRICA RÍO LAJAS S.A.","2025","Mayo      ","37431.91","183328.44","60000","","","","","523.29","1186036.785","5808801.577","1901112.57","","","","","","8895950.932","","","","HIDROELÉCTRICA RÍO LAJAS","","","1156473.621"
"INSTITUTO COSTARRICENSE DE ELECTRICIDAD","HIDROELÉCTRICA CAÑO GRANDE S.A ","2025","Mayo      ","262847.88","779388.3","749940.84","","","","","523.29","8820803.633","26155170.618","25166955.449","","","","","","60142929.699","","","","CAÑO GRANDE","","","7818580.861"
"INSTITUTO COSTARRICENSE DE ELECTRICIDAD","HIDROVENECIA S.A. ","2025","Mayo      ","334409.4","1014990.48","945176.4","","","","","523.29","11222304.654","34061647.309","31718783.786","","","","","","77002735.749","","","","HIDROVENECIA","","","10010355.647"
"INSTITUTO COSTARRICENSE DE ELECTRICIDAD","Ingenio Taboga S.A. ","2025","Mayo      ","22972.8","96994.68","123034.27","","","","","523.29","1412160.86","5962350.561","7563026.644","","","","","","14937538.065","","","","TABOGA","","","1941879.948"
"INSTITUTO COSTARRICENSE DE ELECTRICIDAD","LA REBECA DE LA MARINA S.A.","2025","Mayo      ","2294.784","7374.06","3699.576","","","","","523.29","76853.601","246961.399","123900.872","","","","","","447715.872","","","","REBECA I","","","58203.063"
"INSTITUTO COSTARRICENSE DE ELECTRICIDAD","Molinos de Viento del Arenal S. A.","2025","Mayo      ","5420.214","20778.212","464.971","","","","","523.29","170180.639","652381.84","14598.886","","","","","","837161.365","","","","TIERRAS MORENAS (MOVASA)","","","108830.977"
"INSTITUTO COSTARRICENSE DE ELECTRICIDAD","Central Hidroeléctrica Vara Blanca S. A.","2025","Mayo      ","100995.3","276169.95","300645.45","","","","","523.29","13006343.295","35565627.089","23236866.687","","","","","","71808837.071","","","","VARA BLANCA","","","9335148.819"
"INSTITUTO COSTARRICENSE DE ELECTRICIDAD","P. H. DON PEDRO S. A. ","2025","Mayo      ","468686.1","1068719.77","772727.19","","","","","523.29","15728443.804","35864726.73","25931630.717","","","","","","77524801.251","","","","DON PEDRO","","","10078224.163"
"INSTITUTO COSTARRICENSE DE ELECTRICIDAD","P. H. RÍO VOLCÁN S.A. ","2025","Mayo      ","501096.46","1271741.13","1024517.26","","","","","523.29","16816091.603","42677836.94","34381351.334","","","","","","93875279.877","","","","VOLCÁN 3","","","12203786.384"
"INSTITUTO COSTARRICENSE DE ELECTRICIDAD","PLANTA EÓLICA GUANACASTE S. A. ","2025","Mayo      ","1868534.86","5816997.45","4778127.83","","","","","523.29","105600853.46","328749469.92","270037420.36","","","","","","704387743.74","","","","TILARÁN (P.E. Guanacaste)","","","91570406.686"
"INSTITUTO COSTARRICENSE DE ELECTRICIDAD","Plantas Eólicas Limitada","2025","Mayo      ","4985.6","16788.11","9154.28","","","","","523.29","156536.971","527104.784","287422.265","","","","","","971064.02","","","","TILARÁN (PESA)","","","126238.323"
"INSTITUTO COSTARRICENSE DE ELECTRICIDAD","SUERKATA S. R. L. ","2025","Mayo      ","102900","277108.13","274025.85","","","","","523.29","3260408.058","8780228.995","8682566.466","","","","","","20723203.518","","","","SUERKATA","","","2694016.457"
"INSTITUTO COSTARRICENSE DE ELECTRICIDAD","TILAWIND CORPORATION","2025","Mayo      ","789533.62","2027894.49","1378069","","","","","523.29","52181484.549","134026641.3","91078682.062","","","","","","277286807.91","","","","TILAWIND","","","36047285.028"
"INSTITUTO COSTARRICENSE DE ELECTRICIDAD","UNIÓN FENOSA GENERADORA TORITO S. A.  ","2025","Mayo      ","22630392.87","","6662279.15","","","","","523.29","1204357665","","70771968.815","327056250","","","","","1602185883.8","","","","TORITO","","","208284164.9"
"INSTITUTO COSTARRICENSE DE ELECTRICIDAD","Inversiones Eólicas de Orosí Dos S. A. ","2025","Mayo      ","2654582.07","7671922.46","6907715.66","","","","","523.29","181974228.94","525917879.84","473530747.13","","","","","","1181422855.9","","","","OROSÍ","","","153584971.27"
"INSTITUTO COSTARRICENSE DE ELECTRICIDAD","El Ángel S.A.","2025","Mayo      ","401365.179","1235093.547","186828.252","","","","","523.29","67314738.239","207143028.76","18800277.992","","","","","","293258044.99","","","","AMPLIACIÓN EL ÁNGEL","","","38123545.849"
"INSTITUTO COSTARRICENSE DE ELECTRICIDAD","AEROENERGIA S.A.","2025","Mayo      ","672142.99","1908081.78","1547407.6","","","","","523.29","41473893.172","117410753.04","94085761.037","","","","","","252970407.25","","","","VIENTOS DEL ESTE","","","32886152.942"
"INSTITUTO COSTARRICENSE DE ELECTRICIDAD","FILA DE MOGOTE D.C.R. SRL","2025","Mayo      ","860998.688","2967862.86","2292207.598","","","","","523.29","54561847.585","188074712.96","145258155.93","","","","","","387894716.48","","","","P.E FILA DE MOGOTE","","","50426313.142"
"INSTITUTO COSTARRICENSE DE ELECTRICIDAD","Inversiones Eólicas Guanacaste S.A. ","2025","Mayo      ","1400031.17","3716263.718","3247733.115","","","","","523.29","89013610.768","236279062.39","206490010.78","","","","","","531782683.94","","","","P.E ALTAMIRA","","","69131748.912"
"INSTITUTO COSTARRICENSE DE ELECTRICIDAD","INVERSIONES EÓLICAS CAMPOS AZULES S.A.","2025","Mayo      ","1241203.778","3446771.999","2792435.476","","","","","523.29","78915407.315","219144850.31","177542307.59","","","","","","475602565.21","","","","P.E CAMPOS AZULES","","","61828333.478"
"INSTITUTO COSTARRICENSE DE ELECTRICIDAD","P. H .CHUCÁS  S.A.","2025","Mayo      ","12473592.53","","","","","","","523.29","547771541.8","","","302658907.08","","","","","850430448.88","","","","CHUCÁS","","","110555958.35"
"INSTITUTO COSTARRICENSE DE ELECTRICIDAD","Costa Rica Energy Holding S.A.","2025","Mayo      ","984408.07","2797354.34","2476012.58","","","","","523.29","62588403.958","177855046.43","157424224.49","","","","","","397867674.88","","","","P.E VIENTOS DE MIRAMAR","","","51722797.735"
"INSTITUTO COSTARRICENSE DE ELECTRICIDAD","Vientos del Volcán S.A.","2025","Mayo      ","1270866.77","3446677.32","3161117.42","","","","","523.29","80801371.12","219138828.34","200983009.68","","","","","","500923209.15","","","","P.E VIENTOS DE LA PERLA","","","65120017.189"
"COOPERATIVA DE ELECTRIFICACION RURAL DE GUANACASTE R.L.","Consorcio Nacional de Empresas de Electrificación de Costa Rica R.L.","2025","Mayo      ","","","","","","","","","","","","","","","","","","","","","SAN LORENZO","","",""
"COOPERATIVA DE ELECTRIFICACION RURAL DE GUANACASTE R.L.","Consorcio Nacional de Empresas de Electrificación de Costa Rica R.L.","2025","Mayo      ","887313.44","","","","","","","","53922037.87","","","","","","","","233563444.8","","3946428.1","","Central Sigifredo Solís S","179641406.93","",""
"COOPERATIVA DE ELECTRIFICACION RURAL DE SAN CARLOS R.L.","Consorcio Nacional de Empresas de Electrificación de Costa Rica R.L.","2025","Mayo      ","1033181.012","2139828.799","1673342.806","","","","","509.94","47257699.513","80157986.838","53597170.086","","","","","","181012856.44","","","","SAN LORENZO","","",""
"COOPERATIVA DE ELECTRIFICACION RURAL DE SAN CARLOS R.L.","Consorcio Nacional de Empresas de Electrificación de Costa Rica R.L.","2025","Mayo      ","1198463.25","2839463.944","2490838.574","","","","","509.94","72830612.183","129252398.74","113382971.91","","","","","","315465982.84","","5330302.518","","Central Sigifredo Solís S","242635370.65","",""
"COOPERATIVA DE ELECTRIFICACION RURAL DE SAN CARLOS R.L.","Consorcio Cooperativo Cubujuqui R L ","2025","Mayo      ","3200868.229","5010649.712","3258511.494","","","","","509.94","233663380.72","300638982.73","140115994.27","","","","","","674418357.72","","","","CUBUJUQUÍ","","",""
"COOPERATIVA DE ELECTRIFICACION RURAL DE SAN CARLOS R.L.","Consorcio Cooperativo Cubujuqui R L ","2025","Mayo      ","2756300.285","4044915.446","3917703.534","","","","","509.94","201209920.84","242694926.79","168461252","","","","","","612366099.63","","","","DOÑA JULIA","","",""
"COOPERATIVA DE ELECTRIFICACION RURAL LOS SANTOS R.L.","Consorcio Nacional de Empresas de Electrificación de Costa Rica R.L.","2025","Mayo      ","484428.08","","","","","","","","29438694.18","","","","","","","","127513779.09","","2154549.32","","Central Sigifredo Solís S","98075084.91","",""
"COOPERATIVA DE ELECTRIFICACION RURAL LOS SANTOS R.L.","Consorcio Nacional de Empresas de Electrificación de Costa Rica R.L.","2025","Abril     ","465845.84","","","","","","","","28309451.82","","","","","","","","83300492.78","","1208063.29","","Central Sigifredo Solís S","54991040.96","",""
"COOPERATIVA DE ELECTRIFICACION RURAL DE GUANACASTE R.L.","Consorcio Nacional de Empresas de Electrificación de Costa Rica R.L.","2025","Abril     ","","","","","","","","","","","","","","","","","","","","","SAN LORENZO","","",""
"COOPERATIVA DE ELECTRIFICACION RURAL DE GUANACASTE R.L.","Consorcio Nacional de Empresas de Electrificación de Costa Rica R.L.","2025","Abril     ","853276.88","","","","","","","","51853636","","","","","","","","152579197.2","","2212775.95","","Central Sigifredo Solís S","100725561.2","",""
"COOPERATIVA DE ELECTRIFICACION RURAL DE SAN CARLOS R.L.","Consorcio Nacional de Empresas de Electrificación de Costa Rica R.L.","2025","Abril     ","807012.666","1326175.819","543197.904","","","","","508","36912759.35","49678546.202","17398628.871","","","","","","103989934.43","","","","SAN LORENZO","","",""
"COOPERATIVA DE ELECTRIFICACION RURAL DE SAN CARLOS R.L.","Consorcio Nacional de Empresas de Electrificación de Costa Rica R.L.","2025","Abril     ","1152491.264","1674878.582","1313840.564","","","","","508","70036894.113","76240473.071","59806022.503","","","","","","206083389.69","","2988719.147","","Central Sigifredo Solís S","136046495.57","",""
"COOPERATIVA DE ELECTRIFICACION RURAL DE SAN CARLOS R.L.","Consorcio Cooperativo Cubujuqui R L ","2025","Abril     ","3110355.229","3772032.347","1940261.464","","","","","508","227055931.72","226321940.84","83431242.967","","","","","","536809115.53","","","","CUBUJUQUÍ","","",""
"COOPERATIVA DE ELECTRIFICACION RURAL DE SAN CARLOS R.L.","Consorcio Cooperativo Cubujuqui R L ","2025","Abril     ","2707751.056","2937522.59","2432361.194","","","","","508","197665827.09","176251355.44","104591531.35","","","","","","478508713.88","","","","DOÑA JULIA","","",""
"INSTITUTO COSTARRICENSE DE ELECTRICIDAD","AEROENERGIA S.A.","2025","Abril     ","339476.64","978797.75","923852.97","","","","","523.29","10658683.857","30731704.476","29006581.24","","","","","","70396969.573","","","","AEROENERGÍA","","","9151606.044"
"INSTITUTO COSTARRICENSE DE ELECTRICIDAD","Azucarera El Viejo S. A.","2025","Abril     ","1203597.242","3402909.092","3281459.527","","","","","523.29","73986177.196","209179803.88","201714192.68","","","","","","484880173.76","","","","EL VIEJO","","","63034422.588"
"INSTITUTO COSTARRICENSE DE ELECTRICIDAD","Consorcio Eólico Chiripa S.A.","2025","Abril     ","4298064.59","12108886.57","12028926.41","","","","","523.29","292387450.24","823739702.67","818300195.41","","","","","","1934427348.3","","","","CHIRIPA","","","251475555.282"
"INSTITUTO COSTARRICENSE DE ELECTRICIDAD","El Ángel S.A.","2025","Abril     ","140445.953","421816.907","86679.413","","","","","523.29","4450059.435","13365357.069","2746455.36","","","","","","20561871.864","","","","EL ÁNGEL","","","2673043.342"
"INSTITUTO COSTARRICENSE DE ELECTRICIDAD","Empresa Eléctrica Matamoros S. A.","2025","Abril     ","988118","","","","","","","523.29","30987726.725","","","","","","","","30987726.725","","","","MATAMOROS","","","4028404.474"
"INSTITUTO COSTARRICENSE DE ELECTRICIDAD","HIDROELÉCTRICA RÍO LAJAS S.A.","2025","Abril     ","538629.04","1350561.45","1112095.51","","","","","523.29","17066574.827","42792824.685","35236977.58","","","","","","95096377.092","","","","HIDROELÉCTRICA RÍO LAJAS","","","12362529.022"
"INSTITUTO COSTARRICENSE DE ELECTRICIDAD","HIDROELÉCTRICA CAÑO GRANDE S.A ","2025","Abril     ","226745.64","653532.48","606202.38","","","","","523.29","7609264.548","21931628.122","20343291.217","","","","","","49884183.887","","","","CAÑO GRANDE","","","6484943.905"
"INSTITUTO COSTARRICENSE DE ELECTRICIDAD","HIDROVENECIA S.A. ","2025","Abril     ","270396.72","748805.76","695247.48","","","","","523.29","9074131.177","25128867.227","23331523.064","","","","","","57534521.467","","","","HIDROVENECIA","","","7479487.791"
"INSTITUTO COSTARRICENSE DE ELECTRICIDAD","Ingenio Taboga S.A. ","2025","Abril     ","614653.98","1818744.14","1738746.37","","","","","523.29","37783317.186","111799626.44","106882160.42","","","","","","256465104.04","","","","TABOGA","","","33340463.526"
"INSTITUTO COSTARRICENSE DE ELECTRICIDAD","LA REBECA DE LA MARINA S.A.","2025","Abril     ","2514.744","7109.676","5014.08","","","","","523.29","84220.185","238107.031","167924.347","","","","","","490251.563","","","","REBECA I","","","63732.703"
"INSTITUTO COSTARRICENSE DE ELECTRICIDAD","Molinos de Viento del Arenal S. A.","2025","Abril     ","771102.414","2161865.671","1851206.883","","","","","523.29","24210610.943","67876961.233","58123083.002","","","","","","150210655.18","","","","TIERRAS MORENAS (MOVASA)","","","19527385.173"
"INSTITUTO COSTARRICENSE DE ELECTRICIDAD","Central Hidroeléctrica Vara Blanca S. A.","2025","Abril     ","75366.9","208694.85","219856.6","","","","","523.29","9705873.029","26876069.742","16992707.211","","","","","","53574649.982","","","","VARA BLANCA","","","6964704.498"
"INSTITUTO COSTARRICENSE DE ELECTRICIDAD","P. H. DON PEDRO S. A. ","2025","Abril     ","160678.74","1056170.79","241552.56","","","","","523.29","5392152.846","35443598.637","8106165.033","","","","","","48941916.516","","","","DON PEDRO","","","6362449.147"
"INSTITUTO COSTARRICENSE DE ELECTRICIDAD","P. H. RÍO VOLCÁN S.A. ","2025","Abril     ","362779.44","1408439.68","367998.61","","","","","523.29","12174368.014","47265248.26","12349513.177","","","","","","71789129.452","","","","VOLCÁN 3","","","9332586.829"
"INSTITUTO COSTARRICENSE DE ELECTRICIDAD","PLANTA EÓLICA GUANACASTE S. A. ","2025","Abril     ","3475982.47","9948391.91","10190881.08","","","","","523.29","196446263.3","562236554.23","575940901.84","","","","","","1334623719.4","","","","TILARÁN (P.E. Guanacaste)","","","173501083.518"
"INSTITUTO COSTARRICENSE DE ELECTRICIDAD","Plantas Eólicas Limitada","2025","Abril     ","531927.5","1530201","1494890.12","","","","","523.29","16701140.488","48044332.877","46935664.519","","","","","","111681137.89","","","","TILARÁN (PESA)","","","14518547.925"
"INSTITUTO COSTARRICENSE DE ELECTRICIDAD","SUERKATA S. R. L. ","2025","Abril     ","81247.43","226281.3","222035.1","","","","","523.29","2574340.854","7169768.976","7035231.117","","","","","","16779340.946","","","","SUERKATA","","","2181314.323"
"INSTITUTO COSTARRICENSE DE ELECTRICIDAD","TILAWIND CORPORATION","2025","Abril     ","1610972.39","4608797.74","4391834.58","","","","","523.29","106471623.72","304602477.88","290263055.06","","","","","","701337156.65","","","","TILAWIND","","","91173830.365"
"INSTITUTO COSTARRICENSE DE ELECTRICIDAD","UNIÓN FENOSA GENERADORA TORITO S. A.  ","2025","Abril     ","15643482.79","","1773346.75","","","","","523.29","832524143.84","","18837885.313","327056250","","","","66360607.951","1244778887.1","","","","TORITO","","","161821255.323"
"INSTITUTO COSTARRICENSE DE ELECTRICIDAD","Inversiones Eólicas de Orosí Dos S. A. ","2025","Abril     ","4016865.42","11552871.74","11749394.97","","","","","523.29","275360101.23","791960796.2","805432656.53","","","","","","1872753554","","","","OROSÍ","","","243457962.015"
"INSTITUTO COSTARRICENSE DE ELECTRICIDAD","El Ángel S.A.","2025","Abril     ","360314.121","1025146.364","121120.224","","","","","523.29","60429882.808","171931853.53","12188166.638","","","","","","244549902.97","","","","AMPLIACIÓN EL ÁNGEL","","","31791487.387"
"INSTITUTO COSTARRICENSE DE ELECTRICIDAD","AEROENERGIA S.A.","2025","Abril     ","1003027.21","2858889.6","2699777.81","","","","","523.29","60808165.763","173319165.48","163673066.2","","","","","","397800397.44","","","","VIENTOS DEL ESTE","","","51714051.668"
"INSTITUTO COSTARRICENSE DE ELECTRICIDAD","FILA DE MOGOTE D.C.R. SRL","2025","Abril     ","1560734.892","4455779.084","4305878.175","","","","","523.29","98904424.065","282364587.5","272865304.08","","","","","","654134315.65","","","","P.E FILA DE MOGOTE","","","85037461.035"
"INSTITUTO COSTARRICENSE DE ELECTRICIDAD","Inversiones Eólicas Guanacaste S.A. ","2025","Abril     ","1757484.77","5027567.76","4778887.97","","","","","523.29","111740416.18","319651424.39","303840431.59","","","","","","735232272.15","","","","P.E ALTAMIRA","","","95580195.38"
"INSTITUTO COSTARRICENSE DE ELECTRICIDAD","INVERSIONES EÓLICAS CAMPOS AZULES S.A.","2025","Abril     ","1962217.58","5554212.93","5294061.8","","","","","523.29","124757275.86","353135385.7","336595047","","","","","","814487708.56","","","","P.E CAMPOS AZULES","","","105883402.113"
"INSTITUTO COSTARRICENSE DE ELECTRICIDAD","P. H .CHUCÁS  S.A.","2025","Abril     ","8604858.16","","","","","","","523.29","377878016.13","","","298438828.13","","","","","676316844.26","","","","CHUCÁS","","","87921189.753"
"INSTITUTO COSTARRICENSE DE ELECTRICIDAD","Costa Rica Energy Holding S.A.","2025","Abril     ","1562468.76","4457705.68","4280298.45","","","","","523.29","99341347.436","283419745.78","272140240.3","","","","","","654901333.51","","","","P.E VIENTOS DE MIRAMAR","","","85137173.356"
"INSTITUTO COSTARRICENSE DE ELECTRICIDAD","Vientos del Volcán S.A.","2025","Abril     ","1802051.52","5042192.37","5024319.89","","","","","523.29","114573958.27","320581253.16","319444928.92","","","","","","754600140.35","","","","P.E VIENTOS DE LA PERLA","","","98098018.245"
"COOPERATIVA DE ELECTRIFICACION RURAL LOS SANTOS R.L.","Consorcio Nacional de Empresas de Electrificación de Costa Rica R.L.","2025","Marzo     ","340318.89","","","","","","","","20681178.88","","","","","","","","46952272.13","","577132.98","","Central Sigifredo Solís S","26271093.25","",""
"COOPERATIVA DE ELECTRIFICACION RURAL DE GUANACASTE R.L.","Consorcio Nacional de Empresas de Electrificación de Costa Rica R.L.","2025","Marzo     ","","","","","","","","","","","","","","","","","","","","","SAN LORENZO","","",""
"COOPERATIVA DE ELECTRIFICACION RURAL DE GUANACASTE R.L.","Consorcio Nacional de Empresas de Electrificación de Costa Rica R.L.","2025","Marzo     ","623352.65","","","","","","","","37881140.48","","","","","","","","86001171.73","","1057118.44","","Central Sigifredo Solís S","48120031.25","",""
"COOPERATIVA DE ELECTRIFICACION RURAL DE SAN CARLOS R.L.","Consorcio Nacional de Empresas de Electrificación de Costa Rica R.L.","2025","Marzo     ","746335.587","1121350.318","394727.574","","","","","508.72","34137389.769","42005782.918","12643124.215","","","","","","88786296.902","","","","SAN LORENZO","","",""
"COOPERATIVA DE ELECTRIFICACION RURAL DE SAN CARLOS R.L.","Consorcio Nacional de Empresas de Electrificación de Costa Rica R.L.","2025","Marzo     ","841940.639","928811.706","499001.224","","","","","508.72","51164732.636","42279508.9","22714535.721","","","","","","116158777.26","","1427812.931","","Central Sigifredo Solís S","64994044.621","",""
"COOPERATIVA DE ELECTRIFICACION RURAL DE SAN CARLOS R.L.","Consorcio Cooperativo Cubujuqui R L ","2025","Marzo     ","3018297.219","1895354.013","565258.912","","","","","508.72","220335697.05","113721240.83","24306133.244","","","","","","358363071.12","","","","CUBUJUQUÍ","","",""
"COOPERATIVA DE ELECTRIFICACION RURAL DE SAN CARLOS R.L.","Consorcio Cooperativo Cubujuqui R L ","2025","Marzo     ","2377160.393","1968783.28","702751.748","","","","","508.72","173532708.69","118126996.85","30218325.167","","","","","","321878030.71","","","","DOÑA JULIA","","",""
"INSTITUTO COSTARRICENSE DE ELECTRICIDAD","AEROENERGIA S.A.","2025","Marzo     ","307872.91","896588.81","864308.1","","","","","523.29","9666408.904","28150557.503","27137027.139","","","","","","64953993.546","","","","AEROENERGÍA","","","8444019.161"
"INSTITUTO COSTARRICENSE DE ELECTRICIDAD","Azucarera El Viejo S. A.","2025","Marzo     ","907366.572","2920084.667","2800199.58","","","","","523.29","55776618.321","179500163.33","172130721.99","","","","","","407407503.64","","","","EL VIEJO","","","52962975.473"
"INSTITUTO COSTARRICENSE DE ELECTRICIDAD","Consorcio Eólico Chiripa S.A.","2025","Marzo     ","3931964.87","11053484.68","11154669.76","","","","","523.29","267482524.97","751943140.6","758826528.66","","","","","","1778252194.2","","","","CHIRIPA","","","231172785.25"
"INSTITUTO COSTARRICENSE DE ELECTRICIDAD","El Ángel S.A.","2025","Marzo     ","166400.313","538223.248","63904.412","","","","","523.29","5272428.775","17053716.371","2024824.686","","","","","","24350969.832","","","","EL ÁNGEL","","","3165626.078"
"INSTITUTO COSTARRICENSE DE ELECTRICIDAD","Empresa Eléctrica Matamoros S. A.","2025","Marzo     ","2015647.54","","","","","","","523.29","62329056.201","","","","","","","","62329056.201","","","","MATAMOROS","","","8102777.306"
"INSTITUTO COSTARRICENSE DE ELECTRICIDAD","HIDROELÉCTRICA RÍO LAJAS S.A.","2025","Marzo     ","610864.31","2038022.94","1663817.65","","","","","523.29","19355361.561","64575184.334","52718411.486","","","","","","136648957.38","","","","HIDROELÉCTRICA RÍO LAJAS","","","17764364.46"
"INSTITUTO COSTARRICENSE DE ELECTRICIDAD","HIDROELÉCTRICA CAÑO GRANDE S.A ","2025","Marzo     ","150951.42","424135.8","361339.02","","","","","523.29","5065714.078","14233399.041","12126026.484","","","","","","31425139.603","","","","CAÑO GRANDE","","","4085268.148"
"INSTITUTO COSTARRICENSE DE ELECTRICIDAD","HIDROVENECIA S.A. ","2025","Marzo     ","198318.24","576899.28","475139.52","","","","","523.29","6655280.714","19359924.65","15945012.603","","","","","","41960217.966","","","","HIDROVENECIA","","","5454828.336"
"INSTITUTO COSTARRICENSE DE ELECTRICIDAD","Ingenio Taboga S.A. ","2025","Marzo     ","843043.25","2516196.27","2496360.35","","","","","523.29","51822612.267","154672791.84","153453458.11","","","","","","359948862.22","","","","TABOGA","","","46793352.088"
"INSTITUTO COSTARRICENSE DE ELECTRICIDAD","LA REBECA DE LA MARINA S.A.","2025","Marzo     ","296.172","1131.696","117.684","","","","","523.29","9918.966","37901.133","3941.303","","","","","","51761.402","","","","REBECA I","","","6728.982"
"INSTITUTO COSTARRICENSE DE ELECTRICIDAD","Molinos de Viento del Arenal S. A.","2025","Marzo     ","993453.109","2869117.07","2809622.035","","","","","523.29","31191844.65","90082816.286","88214826.891","","","","","","209489487.83","","","","TIERRAS MORENAS (MOVASA)","","","27233633.418"
"INSTITUTO COSTARRICENSE DE ELECTRICIDAD","Central Hidroeléctrica Vara Blanca S. A.","2025","Marzo     ","37013.55","111553.05","109561.2","","","","","523.29","4766664.309","14365990.261","8467978.205","","","","","","27600632.775","","","","VARA BLANCA","","","3588082.261"
"INSTITUTO COSTARRICENSE DE ELECTRICIDAD","P. H. DON PEDRO S. A. ","2025","Marzo     ","261216.08","1163955.7","123292.09","","","","","523.29","8766044.189","39060709.939","4137507.509","","","","","","51964261.637","","","","DON PEDRO","","","6755354.013"
"INSTITUTO COSTARRICENSE DE ELECTRICIDAD","P. H. RÍO VOLCÁN S.A. ","2025","Marzo     ","131623.21","681257.81","136265.2","","","","","523.29","4417090.89","22862048.207","4572869.09","","","","","","31852008.187","","","","VOLCÁN 3","","","4140761.064"
"INSTITUTO COSTARRICENSE DE ELECTRICIDAD","PLANTA EÓLICA GUANACASTE S. A. ","2025","Marzo     ","3118675.39","9203864.1","9285457.9","","","","","523.29","176252936.53","520159323.38","524770622.89","","","","","","1221182882.8","","","","TILARÁN (P.E. Guanacaste)","","","158753774.76"
"INSTITUTO COSTARRICENSE DE ELECTRICIDAD","Plantas Eólicas Limitada","2025","Marzo     ","729730.2","2116349.62","1905270.21","","","","","523.29","22911629.935","66447877.024","59820529.531","","","","","","149180036.49","","","","TILARÁN (PESA)","","","19393404.744"
"INSTITUTO COSTARRICENSE DE ELECTRICIDAD","SUERKATA S. R. L. ","2025","Marzo     ","93010.05","298218.38","291288.38","","","","","523.29","2947043.69","9449110.325","9229532.608","","","","","","21625686.623","","","","SUERKATA","","","2811339.261"
"INSTITUTO COSTARRICENSE DE ELECTRICIDAD","TILAWIND CORPORATION","2025","Marzo     ","1659918.63","4752322.05","4746752.74","","","","","523.29","109706555.4","314088223.74","313720136.32","","","","","","737514915.46","","","","TILAWIND","","","95876939.01"
"INSTITUTO COSTARRICENSE DE ELECTRICIDAD","UNIÓN FENOSA GENERADORA TORITO S. A.  ","2025","Marzo     ","12365542.09","","839792.14","","","","","523.29","658076751.42","","8920932.796","326968337.28","","","","380487204.55","1374453226","","","","TORITO","","","178678919.39"
"INSTITUTO COSTARRICENSE DE ELECTRICIDAD","Inversiones Eólicas de Orosí Dos S. A. ","2025","Marzo     ","3682060.37","10638770.65","10895423.63","","","","","523.29","252408884.4","729298257.75","746892078.64","","","","","","1728599220.8","","","","OROSÍ","","","224717898.7"
"INSTITUTO COSTARRICENSE DE ELECTRICIDAD","El Ángel S.A.","2025","Marzo     ","261618.455","838437.716","18507.069","","","","","523.29","43877193.999","140618116.27","1862341.656","","","","","","186357651.93","","","","AMPLIACIÓN EL ÁNGEL","","","24226494.751"
"INSTITUTO COSTARRICENSE DE ELECTRICIDAD","AEROENERGIA S.A.","2025","Marzo     ","915033.17","2644976.82","2554985.47","","","","","523.29","54896841.592","158683725.96","153284759.88","","","","","","366865327.43","","","","VIENTOS DEL ESTE","","","47692492.566"
"INSTITUTO COSTARRICENSE DE ELECTRICIDAD","FILA DE MOGOTE D.C.R. SRL","2025","Marzo     ","1690560.922","4750800.518","4466432.493","","","","","523.29","107131554","301060219.42","283039698.53","","","","","","691231471.95","","","","P.E FILA DE MOGOTE","","","89860091.354"
"INSTITUTO COSTARRICENSE DE ELECTRICIDAD","Inversiones Eólicas Guanacaste S.A. ","2025","Marzo     ","1798335.24","5180417.76","5015193.3","","","","","523.29","114337677.13","329369589.5","318864663.11","","","","","","762571929.74","","","","P.E ALTAMIRA","","","99134350.866"
"INSTITUTO COSTARRICENSE DE ELECTRICIDAD","INVERSIONES EÓLICAS CAMPOS AZULES S.A.","2025","Marzo     ","1839908.4","5376750.59","5310651","","","","","523.29","116980888.18","341852379.41","337649785.09","","","","","","796483052.68","","","","P.E CAMPOS AZULES","","","103542796.85"
"INSTITUTO COSTARRICENSE DE ELECTRICIDAD","P. H .CHUCÁS  S.A.","2025","Marzo     ","9417837.594","","","","","","","523.29","413579598.8","","","319143600.99","","","","","732723199.78","","","","CHUCÁS","","","95254015.971"
"INSTITUTO COSTARRICENSE DE ELECTRICIDAD","Costa Rica Energy Holding S.A.","2025","Marzo     ","1606457.37","4654180.56","4524638.11","","","","","523.29","102138133.64","295911567.67","287675291.81","","","","","","685724993.12","","","","P.E VIENTOS DE MIRAMAR","","","89144249.106"
"INSTITUTO COSTARRICENSE DE ELECTRICIDAD","Vientos del Volcán S.A.","2025","Marzo     ","1733092.33","4926910.61","4907524.88","","","","","523.29","110189552.07","313251671.42","312019129.85","","","","","","735460353.33","","","","P.E VIENTOS DE LA PERLA","","","95609845.933"
"INSTITUTO COSTARRICENSE DE ELECTRICIDAD","AEROENERGIA S.A.","2025","Febrero   ","330788.77","974812.63","981355.04","","","","","523.29","10385907.327","30606582.069","30811996.733","","","","","","71804486.129","","","","AEROENERGÍA","","","9334583.197"
"INSTITUTO COSTARRICENSE DE ELECTRICIDAD","Azucarera El Viejo S. A.","2025","Febrero   ","946007.186","2763288.953","2636619.088","","","","","523.29","58151890.739","169861793.394","162075285.807","","","","","","390088969.94","","","","EL VIEJO","","","50711566.092"
"INSTITUTO COSTARRICENSE DE ELECTRICIDAD","Consorcio Eólico Chiripa S.A.","2025","Febrero   ","4024185.18","11723140.98","11868757.85","","","","","523.29","273756060.39","797498319.006","807404298.131","","","","","","1878658677.527","","","","CHIRIPA","","","244225628.078"
"INSTITUTO COSTARRICENSE DE ELECTRICIDAD","El Ángel S.A.","2025","Febrero   ","105386.684","215318.659","33806.583","","","","","523.29","3339199.153","6822416.805","1071168.655","","","","","","11232784.613","","","","EL ÁNGEL","","","1460262"
"INSTITUTO COSTARRICENSE DE ELECTRICIDAD","Empresa Eléctrica Matamoros S. A.","2025","Febrero   ","1737185.1","","","","","","","523.29","54461950.972","","","","","","","","54461950.972","","","","MATAMOROS","","","7080053.626"
"INSTITUTO COSTARRICENSE DE ELECTRICIDAD","HIDROELÉCTRICA RÍO LAJAS S.A.","2025","Febrero   ","1770187.81","","","","","","","523.29","56088770.622","","","","","","","","56088770.622","","","","HIDROELÉCTRICA RÍO LAJAS","","","7291540.181"
"INSTITUTO COSTARRICENSE DE ELECTRICIDAD","HIDROELÉCTRICA CAÑO GRANDE S.A ","2025","Febrero   ","187038.36","589250.68","537740.33","","","","","523.29","6276743.193","19774422.658","18045807.404","","","","","","44096973.256","","","","CAÑO GRANDE","","","5732606.523"
"INSTITUTO COSTARRICENSE DE ELECTRICIDAD","HIDROVENECIA S.A. ","2025","Febrero   ","255380.76","785242.08","734125.32","","","","","523.29","8570218.605","26351612.805","24636210.623","","","","","","59558042.034","","","","HIDROVENECIA","","","7742545.464"
"INSTITUTO COSTARRICENSE DE ELECTRICIDAD","Ingenio Taboga S.A. ","2025","Febrero   ","783097.42","2183711.65","2193764.74","","","","","523.29","48137687.813","134234670.007","134852638.867","","","","","","317224996.687","","","","TABOGA","","","41239249.569"
"INSTITUTO COSTARRICENSE DE ELECTRICIDAD","LA REBECA DE LA MARINA S.A.","2025","Febrero   ","","","","","","","","523.29","","","","","","","","","","","","","REBECA I","","",""
"INSTITUTO COSTARRICENSE DE ELECTRICIDAD","Molinos de Viento del Arenal S. A.","2025","Febrero   ","799637.389","2065280.572","1943382.762","","","","","523.29","25106534.98","64844440.228","61017165.915","","","","","","150968141.123","","","","TIERRAS MORENAS (MOVASA)","","","19625858.346"
"INSTITUTO COSTARRICENSE DE ELECTRICIDAD","Central Hidroeléctrica Vara Blanca S. A.","2025","Febrero   ","134684.55","429270.45","410053.35","","","","","523.29","17344902.312","55282166.183","31692996.055","","","","","","104320064.551","","","","VARA BLANCA","","","13561608.392"
"INSTITUTO COSTARRICENSE DE ELECTRICIDAD","P. H. DON PEDRO S. A. ","2025","Febrero   ","247114.98","972601.4","213173.71","","","","","523.29","8292827.809","32639130.54","7153808.631","","","","","","48085766.98","","","","DON PEDRO","","","6251149.707"
"INSTITUTO COSTARRICENSE DE ELECTRICIDAD","P. H. RÍO VOLCÁN S.A. ","2025","Febrero   ","430293.24","405224.84","290082","","","","","523.29","14440035.796","13598773.86","9734742.938","","","","","","37773552.595","","","","VOLCÁN 3","","","4910561.837"
"INSTITUTO COSTARRICENSE DE ELECTRICIDAD","PLANTA EÓLICA GUANACASTE S. A. ","2025","Febrero   ","3197545.99","9547994.25","9989519.6","","","","","523.29","180710331.218","539607950.92","564560893.282","","","","","","1284879175.42","","","","TILARÁN (P.E. Guanacaste)","","","167034292.805"
"INSTITUTO COSTARRICENSE DE ELECTRICIDAD","Plantas Eólicas Limitada","2025","Febrero   ","314348.52","571846.07","506019","","","","","523.29","9869725.594","17954477.6","15887686.184","","","","","","43711889.378","","","","TILARÁN (PESA)","","","5682545.619"
"INSTITUTO COSTARRICENSE DE ELECTRICIDAD","SUERKATA S. R. L. ","2025","Febrero   ","173816.48","536248.13","507480.23","","","","","523.29","5507412.701","16991132.108","16079618.49","","","","","","38578163.299","","","","SUERKATA","","","5015161.229"
"INSTITUTO COSTARRICENSE DE ELECTRICIDAD","TILAWIND CORPORATION","2025","Febrero   ","1425083.69","4033871.18","3968943.01","","","","","523.29","94185957.15","266604705.99","262313502.975","","","","","","623104166.115","","","","TILAWIND","","","81003541.595"
"INSTITUTO COSTARRICENSE DE ELECTRICIDAD","UNIÓN FENOSA GENERADORA TORITO S. A.  ","2025","Febrero   ","15638979","","1850485","","","","","523.29","832284477.018","","19657315.589","326849409.162","","","","1010552273.668","2189343475.437","","","","TORITO","","","284614651.807"
"INSTITUTO COSTARRICENSE DE ELECTRICIDAD","Inversiones Eólicas de Orosí Dos S. A. ","2025","Febrero   ","3625139.32","10453726.87","10866798","","","","","523.29","248506888.792","716613326.144","744929762.077","","","","","","1710049977.013","","","","OROSÍ","","","222306497.012"
"INSTITUTO COSTARRICENSE DE ELECTRICIDAD","El Ángel S.A.","2025","Febrero   ","358020.611","1066906.437","66398.335","","","","","523.29","60045228.085","178935620.885","6681575.957","","","","","","245662424.928","","","","AMPLIACIÓN EL ÁNGEL","","","31936115.241"
"INSTITUTO COSTARRICENSE DE ELECTRICIDAD","AEROENERGIA S.A.","2025","Febrero   ","632547.19","1908150.92","1990110.87","","","","","523.29","40084780.468","120920323.316","126114159.688","","","","","","287119263.472","","","","VIENTOS DEL ESTE","","","37325504.251"
"INSTITUTO COSTARRICENSE DE ELECTRICIDAD","FILA DE MOGOTE D.C.R. SRL","2025","Febrero   ","1556269.586","4594851.412","4655280.013","","","","","523.29","98621455.723","291177659.204","295007044.986","","","","","","684806159.912","","","","P.E FILA DE MOGOTE","","","89024800.789"
"INSTITUTO COSTARRICENSE DE ELECTRICIDAD","Inversiones Eólicas Guanacaste S.A. ","2025","Febrero   ","1773785.03","4827730.65","4943667.2","","","","","523.29","112776781.555","306945833.298","314317053.225","","","","","","734039668.079","","","","P.E ALTAMIRA","","","95425156.85"
"INSTITUTO COSTARRICENSE DE ELECTRICIDAD","INVERSIONES EÓLICAS CAMPOS AZULES S.A.","2025","Febrero   ","1644193.11","4230324.21","4524500.87","","","","","523.29","104537360.723","268962891.443","287666568.569","","","","","","661166820.736","","","","P.E CAMPOS AZULES","","","85951686.696"
"INSTITUTO COSTARRICENSE DE ELECTRICIDAD","P. H .CHUCÁS  S.A.","2025","Febrero   ","10258868.572","","","","","","","523.29","450513051.083","","","307345270.647","","","","","757858321.73","","","","CHUCÁS","","","98521581.825"
"INSTITUTO COSTARRICENSE DE ELECTRICIDAD","Costa Rica Energy Holding S.A.","2025","Febrero   ","1376836.54","3640501.96","3683900.18","","","","","523.29","87538902.556","231462150.857","234221396.232","","","","","","553222449.645","","","","P.E VIENTOS DE MIRAMAR","","","71918918.454"
"INSTITUTO COSTARRICENSE DE ELECTRICIDAD","Vientos del Volcán S.A.","2025","Febrero   ","1490401.42","3913042.57","4046710.44","","","","","523.29","94759326.003","248790208.464","257288778.203","","","","","","600838312.67","","","","P.E VIENTOS DE LA PERLA","","","78108980.647"
"COOPERATIVA DE ELECTRIFICACION RURAL DE GUANACASTE R.L.","Consorcio Nacional de Empresas de Electrificación de Costa Rica R.L.","2025","Febrero   ","","","","","","","","","","","","","","","","","","","","","SAN LORENZO","","",""
"COOPERATIVA DE ELECTRIFICACION RURAL DE GUANACASTE R.L.","Consorcio Nacional de Empresas de Electrificación de Costa Rica R.L.","2025","Febrero   ","799769.65","","","","","","","","48602001.69","","","","","","","","177506445.13","","2831819.94","","Central Sigifredo Solís S","128904443.44","",""
"COOPERATIVA DE ELECTRIFICACION RURAL DE SAN CARLOS R.L.","Consorcio Nacional de Empresas de Electrificación de Costa Rica R.L.","2025","Febrero   ","1733618.89","946237.13","1032451.78","","","","","508.72","79295728.21","35446042.995","33069430.506","","","","","","147811201.71","","","","SAN LORENZO","","",""
"COOPERATIVA DE ELECTRIFICACION RURAL DE SAN CARLOS R.L.","Consorcio Nacional de Empresas de Electrificación de Costa Rica R.L.","2025","Febrero   ","1080220.919","2188443.965","1636396.263","","","","","508.72","65645025.25","99617969.269","74488757.874","","","","","","239751752.39","","","","Central Sigifredo Solís S","","",""
"COOPERATIVA DE ELECTRIFICACION RURAL DE SAN CARLOS R.L.","Consorcio Cooperativo Cubujuqui R L ","2025","Febrero   ","2802203.712","3700773.081","1338797.09","","","","","508.72","204560870.98","222046384.85","57568274.878","","","","","","484175530.71","","","","CUBUJUQUÍ","","",""
"COOPERATIVA DE ELECTRIFICACION RURAL DE SAN CARLOS R.L.","Consorcio Cooperativo Cubujuqui R L ","2025","Febrero   ","2335882.597","2978344.811","2283162.175","","","","","508.72","170519429.56","178700688.67","98175973.504","","","","","","447396091.74","","","","DOÑA JULIA","","",""
"COOPERATIVA DE ELECTRIFICACION RURAL LOS SANTOS R.L.","Consorcio Nacional de Empresas de Electrificación de Costa Rica R.L.","2025","Febrero   ","436633.61","","","","","","","","26534224.6","","","","","","","","96909504.19","","1546029.87","","Central Sigifredo Solís S","70375279.59","",""
"COOPERATIVA DE ELECTRIFICACION RURAL DE SAN CARLOS R.L.","Consorcio Nacional de Empresas de Electrificación de Costa Rica R.L.","2025","Enero     ","1123882.99","1637773.95","1709631.45","","","","","510.66","42774413.33","47964422.79","39714607.62","","","","","","130453443.74","","","","SAN LORENZO","","",""
"COOPERATIVA DE ELECTRIFICACION RURAL DE SAN CARLOS R.L.","Consorcio Nacional de Empresas de Electrificación de Costa Rica R.L.","2025","Enero     ","1655993.657","2785516.961","2850173.69","","","","","510.66","100634734.56","126796732.07","129739906.39","","","","","","357171373.01","","","","Central Sigifredo Solís S","","",""
"COOPERATIVA DE ELECTRIFICACION RURAL DE SAN CARLOS R.L.","Consorcio Cooperativo Cubujuqui R L ","2025","Enero     ","3268177.778","5288969.095","3119184.072","","","","","510.66","238576977.78","317338145.7","134124915.08","","","","","","690040038.55","","","","CUBUJUQUÍ","","",""
"COOPERATIVA DE ELECTRIFICACION RURAL DE SAN CARLOS R.L.","Consorcio Cooperativo Cubujuqui R L ","2025","Enero     ","2687895.816","4308788.034","3877527.47","","","","","510.66","196216394.57","258527282.03","166733681.2","","","","","","621477357.79","","","","DOÑA JULIA","","",""
"COOPERATIVA DE ELECTRIFICACION RURAL LOS SANTOS R.L.","Consorcio Nacional de Empresas de Electrificación de Costa Rica R.L.","2025","Enero     ","487736.14","","","","","","","","29639725.41","","","","","","","","141601572.96","","2459618.8","","Central Sigifredo Solís S","111961847.55","",""
"COOPERATIVA DE ELECTRIFICACION RURAL LOS SANTOS R.L.","Consorcio Nacional de Empresas de Electrificación de Costa Rica R.L.","2025","Enero     ","454282.17","662000.84","691046.2","","","","","510.66","17927013.07","19974440.87","16545579.09","","","","","","54447033.03","","","","SAN LORENZO","","",""
"INSTITUTO COSTARRICENSE DE ELECTRICIDAD","AEROENERGIA S.A.","2025","Enero     ","388407.7","1013657.74","1006876.82","","","","","523.29","12194991.92","31826217.526","31613314.268","","","","","","75634523.714","","","","AEROENERGÍA","","","9832488.083"
"INSTITUTO COSTARRICENSE DE ELECTRICIDAD","Azucarera El Viejo S. A.","2025","Enero     ","1090187.048","3046786.63","2943004.46","","","","","523.29","62891562.151","175446584.825","169681294.742","","","","","","408019441.718","","","","EL VIEJO","","","53042527.423"
"INSTITUTO COSTARRICENSE DE ELECTRICIDAD","Consorcio Eólico Chiripa S.A.","2025","Enero     ","4991089.51","13340806.25","13086610.43","","","","","523.29","339532341.796","907544358.792","890252010.494","","","","","","2137328711.082","","","","CHIRIPA","","","277852732.441"
"INSTITUTO COSTARRICENSE DE ELECTRICIDAD","El Ángel S.A.","2025","Enero     ","","","","","","","","523.29","","","","","","","","","","","","","EL ÁNGEL","","",""
"INSTITUTO COSTARRICENSE DE ELECTRICIDAD","Empresa Eléctrica Matamoros S. A.","2025","Enero     ","2124063.15","","","","","","","523.29","68340622.187","","","","","","","","68340622.187","","","","MATAMOROS","","","8884280.884"
"INSTITUTO COSTARRICENSE DE ELECTRICIDAD","HIDROELÉCTRICA RÍO LAJAS S.A.","2025","Enero     ","","","","","","","","523.29","","","","","","","","","","","","","HIDROELÉCTRICA RÍO LAJAS","","",""
"INSTITUTO COSTARRICENSE DE ELECTRICIDAD","HIDROELÉCTRICA CAÑO GRANDE S.A ","2025","Enero     ","281668.86","788575.75","767513.74","","","","","523.29","9452407.052","26463486.974","25756679.171","","","","","","61672573.198","","","","CAÑO GRANDE","","","8017434.516"
"INSTITUTO COSTARRICENSE DE ELECTRICIDAD","HIDROVENECIA S.A. ","2025","Enero     ","364104.72","1010350.8","995449.68","","","","","523.29","12218842.432","33905947.602","33405886.445","","","","","","79530676.479","","","","HIDROVENECIA","","","10338987.942"
"INSTITUTO COSTARRICENSE DE ELECTRICIDAD","Ingenio Taboga S.A. ","2025","Enero     ","675621.75","1693120.8","1694602.69","","","","","523.29","39376531.153","98663603.159","99084432.977","","","","","","237124567.289","","","","TABOGA","","","30826193.748"
"INSTITUTO COSTARRICENSE DE ELECTRICIDAD","LA REBECA DE LA MARINA S.A.","2025","Enero     ","2385.432","6116.436","6058.872","","","","","523.29","79889.454","204842.867","202915.016","","","","","","487647.337","","","","REBECA I","","","63394.154"
"INSTITUTO COSTARRICENSE DE ELECTRICIDAD","Molinos de Viento del Arenal S. A.","2025","Enero     ","884313.74","2431596.342","2074904.391","","","","","523.29","27765152.207","76345802.977","65146603.14","","","","","","169257558.325","","","","TIERRAS MORENAS (MOVASA)","","","22003482.582"
"INSTITUTO COSTARRICENSE DE ELECTRICIDAD","Central Hidroeléctrica Vara Blanca S. A.","2025","Enero     ","106842.75","277810.05","297854.55","","","","","523.29","13759387.26","35776840.174","23021159.765","","","","","","72557387.199","","","","VARA BLANCA","","","9432460.336"
"INSTITUTO COSTARRICENSE DE ELECTRICIDAD","P. H. DON PEDRO S. A. ","2025","Enero     ","297582.02","928450.37","796784.28","","","","","523.29","9986429.73","31157482.001","26738957.296","","","","","","67882869.027","","","","DON PEDRO","","","8824772.973"
"INSTITUTO COSTARRICENSE DE ELECTRICIDAD","P. H. RÍO VOLCÁN S.A. ","2025","Enero     ","523644.09","1247567.11","1357973.78","","","","","523.29","17572758.477","41866590.919","45571677.736","","","","","","105011027.133","","","","VOLCÁN 3","","","13651433.527"
"INSTITUTO COSTARRICENSE DE ELECTRICIDAD","PLANTA EÓLICA GUANACASTE S. A. ","2025","Enero     ","3711980.65","9864084.36","9641728.49","","","","","523.29","209783774.164","557471883.652","544905372.577","","","","","","1312161030.393","","","","TILARÁN (P.E. Guanacaste)","","","170580933.951"
"INSTITUTO COSTARRICENSE DE ELECTRICIDAD","Plantas Eólicas Limitada","2025","Enero     ","","","","","","","","523.29","","","","","","","","","","","","","TILARÁN (PESA)","","",""
"INSTITUTO COSTARRICENSE DE ELECTRICIDAD","SUERKATA S. R. L. ","2025","Enero     ","302778.53","849860.03","824577.6","","","","","523.29","9593601.16","26927990.576","26126912.079","","","","","","62648503.815","","","","SUERKATA","","","8144305.496"
"INSTITUTO COSTARRICENSE DE ELECTRICIDAD","TILAWIND CORPORATION","2025","Enero     ","1325097.49","3789228.26","3325320.59","","","","","523.29","87577714.975","250435882.254","219775515.287","","","","","","557789112.516","","","","TILAWIND","","","72512584.627"
"INSTITUTO COSTARRICENSE DE ELECTRICIDAD","UNIÓN FENOSA GENERADORA TORITO S. A.  ","2025","Enero     ","15886578.96","","414407.51","","","","","523.29","845461379.713","","4402161.426","326094647.063","","","","265697158.91","1441655347.112","","","","TORITO","","","187415195.125"
"INSTITUTO COSTARRICENSE DE ELECTRICIDAD","Inversiones Eólicas de Orosí Dos S. A. ","2025","Enero     ","4325338.59","11666340.58","11369743.79","","","","","523.29","296506244.894","799739198.54","779407194.688","","","","","","1875652638.122","","","","OROSÍ","","","243834842.956"
"INSTITUTO COSTARRICENSE DE ELECTRICIDAD","El Ángel S.A.","2025","Enero     ","574144.358","1584392.901","654911.425","","","","","523.29","96292302.381","265725576.019","65902863.671","","","","","","427920742.071","","","","AMPLIACIÓN EL ÁNGEL","","","55629696.469"
"INSTITUTO COSTARRICENSE DE ELECTRICIDAD","AEROENERGIA S.A.","2025","Enero     ","889199.72","2292844.74","2262837.49","","","","","523.29","56302427.899","145178549.603","143278547.847","","","","","","344759525.349","","","","VIENTOS DEL ESTE","","","44818738.295"
"INSTITUTO COSTARRICENSE DE ELECTRICIDAD","FILA DE MOGOTE D.C.R. SRL","2025","Enero     ","1899243.283","5028374.625","4827075.072","","","","","523.29","120355842.614","318650206.894","305893769.827","","","","","","744899819.335","","","","P.E FILA DE MOGOTE","","","96836976.514"
"INSTITUTO COSTARRICENSE DE ELECTRICIDAD","Inversiones Eólicas Guanacaste S.A. ","2025","Enero     ","1973577.79","5113029.78","4976880.43","","","","","523.29","125479552.113","325085079.365","316428737.691","","","","","","766993369.169","","","","P.E ALTAMIRA","","","99709137.992"
"INSTITUTO COSTARRICENSE DE ELECTRICIDAD","INVERSIONES EÓLICAS CAMPOS AZULES S.A.","2025","Enero     ","1652584.99","4360685.65","4048082.77","","","","","523.29","105070917.673","277251239.89","257376031.577","","","","","","639698189.14","","","","P.E CAMPOS AZULES","","","83160764.588"
"INSTITUTO COSTARRICENSE DE ELECTRICIDAD","P. H .CHUCÁS  S.A.","2025","Enero     ","15391269.455","","","","","","","523.29","675899853.233","","","318484211.19","","","","","994384064.422","","","","CHUCÁS","","","129269928.375"
"INSTITUTO COSTARRICENSE DE ELECTRICIDAD","Costa Rica Energy Holding S.A.","2025","Enero     ","1382468.1","3732426.43","3524683.01","","","","","523.29","87896953.272","237306682.675","224098413.977","","","","","","549302049.924","","","","P.E VIENTOS DE MIRAMAR","","","71409266.49"
"INSTITUTO COSTARRICENSE DE ELECTRICIDAD","Vientos del Volcán S.A.","2025","Enero     ","1451674.46","3767044.41","3375000.01","","","","","523.29","92297079.1","239507687.511","214581605.625","","","","","","546386372.236","","","","P.E VIENTOS DE LA PERLA","","","71030228.391"
